名前,
スライム,
とげぼうず,
せみもぐら,
ドラキー,
おおきづち,
いっかくウサギ,
グリーンワーム,
ガップリン,
くびながイタチ,
バブルスライム,
おおねずみ,
スカルサーペント,
つちわらし,
メラリザード,
ベビーパンサー,
マッドプラント,
スピニー,
ジャミ(バリア),
まほうつかい,
サボテンボール,
ラーバキング,
ナイトウイプス,
スカンカー,
おばけねずみ,
ドラキーマ,
ゴースト,
おばけキャンドル,
がいこつへい,
アルミラージ,
カパーラナーガ,
ホイミスライム,
わらいぐさ,
ダンスニードル,
ベビーニュート,
トンネラー,
ジャミ,
どぐうせんし,
ダークアイ,
スライムナイト,
わらいぶくろ,
ブラウニー,
エビルアップル,
ばくだんベビー,
ガスミンク,
ゲマ(0),
メタルスライム,
ピッキー,
ジャミ(0),
おばけきのこ,
ともしびこぞう,
ゴンズ(0),
くさったしたい,
アウルベアー,
イエティ,
ひとくいばこ,
ガメゴン,
ゴンズ,
まどうし,
ドラゴンキッズ,
パパス(我慢),
さんぞくウルフ,
ムチおとこ,
クックルー,
インスペクター,
ニセたいこう,
エンプーサ,
キラーパンサー(特),
ようがんげんじん,
ビックアイ,
あくまのツボ,
エビルプラント,
メタルライダー,
さまようよろい,
モーザ,
ドロヌーバ,
はぐれメタル,
カンダタ,
ミステリドール,
デスパロット,
ビッグスロース,
パペットマン,
デススパーク,
ゴンズ,
とつげきへい,
リビングデッド,
スモールグール,
ホースデビル,
ゲマ(1),
ラマダ,
キラーパンサー,
カンダタこぶん,
グレゴール,
メタルハンター,
ミミック,
キメラ,
へびこうもり,
ベロゴン,
ダークマンモス,
ばくだんいわ,
ランスアーミー,
まものつかい,
マドルーパー,
おどるほうせき,
ベホマスライム,
ガスダンゴ,
オーク,
スライム(合体),
キングスライム,
ほのおのせんし,
ツボック,
ケムケムベス,
まほうじじい,
ドラゴンマッド,
しにがみへい,
デッドエンペラー,
リントブルム,
ミニデーモン,
パオーム,
ストーンマン,
ダックカイト,
メッサーラ,
メイジキメラ,
ベロゴンロード,
ジェリーマン,
のろいのマスク,
オークキング,
ダミー１７,
ガボット,
シールドヒッポ,
ホークマン,
デビルダンサー,
アームライオン,
マムー,
エリミネーター,
バルーン,
デンタザウルス,
ガネーシャ,
ボスガルム,
シャドーサタン,
マドハンド,
ゴーレム,
オークＬｖ２０,
リザードマン,
ひくいどり,
ケンタラウス,
ブリザードマン,
ゾンビナイト,
ネクロマンサー,
スライムベホマズン,
じゃしんのへいたい,
ビヒーモス,
ガーゴイル,
ソルジャーブル,
サターンヘルム,
グレイトマムー,
イズライール,
サウルスロード,
りゅうせんし,
シルバーデビル,
ラムポーン,
ドラゴンゾンビ,
メガザルロック,
メタルキング,
オーガヘッド,
アンクルホーン,
キメーラＬｖ３５,
へびておとこ,
グレンデル,
バルバロッサ,
ホークブリザード,
ブラックドラゴン,
バザックス,
ゴールデンゴーレム,
メタルドラゴン,
あくましんかん,
シュプリンガー,
エビルマスター,
レッドイーター,
ブルーイーター,
ムーンフェイス,
エビルスピリッツ,
グレイトドラゴン,
ダークシャーマン,
キラーマシン,
バズズ,
れんごくちょう,
ライオネック,
ガメゴンロード,
ギガンテス,
フレアドラゴン,
スカルドン,
マヌハーン,
ドードリアン,
ワイトキング,
ゴルバ,
ガルバ,
メカバーン,
ヘルバトラー,
セルゲイナス,
プクプク,
しびれくらげ,
たまてがい,
オクトリーチ,
ダミー１９,
だみー２０,
マーマン,
プチイール,
シードッグ,
ゆうれいせんちょう,
キラーシェル,
ダミー２１,
ブルーマッコイ,
ダミー２２,
マザーオクト,
しんかいりゅう,
ネーレウス,
マーマンダイン,
キャプテンクック,
オーシャンキング,
グロンデプス,
パパス,
ベラ,
てんくうびと,
つま,
うごくせきぞう,
おやぶんゴースト,
ザイル,
ゆきのじょおう,
ブオーン,
エスターク,
イブール,
ミルドラース(1),
ミルドラース(2-1),
ミルドラース(2-2),
ミルドラース(2-3),
ゲマ(2),
コロヒーロー,
コロファイター,
コロプリースト,
コロマージ,
プチヒーロー,
プチファイター,
プチプリースト,
プチマージ,
